<?xml version="1.0"?>
<doc>
    <assembly>
        <name>TelegramBotBase</name>
    </assembly>
    <members>
        <member name="T:TelegramBotBase.Base.ButtonClickedEventArgs">
            <summary>
            Button get clicked event
            </summary>
        </member>
        <member name="T:TelegramBotBase.Base.ControlBase">
            <summary>
            Base class for controls
            </summary>
        </member>
        <member name="P:TelegramBotBase.Base.ControlBase.Enabled">
            <summary>
            Defines if the control should be rendered and invoked with actions
            </summary>
        </member>
        <member name="T:TelegramBotBase.Base.DataResult">
            <summary>
            Returns a class to manage attachments within messages.
            </summary>
        </member>
        <member name="P:TelegramBotBase.Base.DataResult.FileId">
            <summary>
            Returns the FileId of the first reachable element.
            </summary>
        </member>
        <member name="T:TelegramBotBase.Base.MessageClient">
            <summary>
            Base class for message handling
            </summary>
        </member>
        <member name="M:TelegramBotBase.Base.MessageClient.#ctor(System.String,System.String,System.Int32)">
            <summary>
            Initializes the client with a proxy
            </summary>
            <param name="APIKey"></param>
            <param name="proxyHost">i.e. 127.0.0.1</param>
            <param name="proxyPort">i.e. 10000</param>
        </member>
        <member name="P:TelegramBotBase.Base.MessageResult.DeviceId">
            <summary>
            Returns the Device/ChatId
            </summary>
        </member>
        <member name="P:TelegramBotBase.Base.MessageResult.MessageId">
            <summary>
            The message id
            </summary>
        </member>
        <member name="P:TelegramBotBase.Base.MessageResult.IsAction">
            <summary>
            Is this an action ? (i.e. button click)
            </summary>
        </member>
        <member name="P:TelegramBotBase.Base.MessageResult.IsSystemCall">
            <summary>
            Is this a system call ? Starts with a slash '/' and a command
            </summary>
        </member>
        <member name="P:TelegramBotBase.Base.MessageResult.SystemCallParameters">
            <summary>
            Returns a List of all parameters which has been sent with the command itself (i.e. /start 123 456 789 => 123,456,789)
            </summary>
        </member>
        <member name="P:TelegramBotBase.Base.MessageResult.SystemCommand">
            <summary>
            Returns just the System call command (i.e. /start 1 2 3 => /start)
            </summary>
        </member>
        <member name="M:TelegramBotBase.Base.MessageResult.ConfirmAction(System.String)">
            <summary>
            Confirm incomming action (i.e. Button click)
            </summary>
            <param name="message"></param>
            <returns></returns>
        </member>
        <member name="M:TelegramBotBase.Base.ResultBase.DeleteMessage">
            <summary>
            Deletes the current message
            </summary>
            <param name="messageId"></param>
            <returns></returns>
        </member>
        <member name="M:TelegramBotBase.Base.ResultBase.DeleteMessage(System.Int32)">
             <summary>
            Deletes the current message or the given one.
             </summary>
             <param name="messageId"></param>
             <returns></returns>
        </member>
        <member name="T:TelegramBotBase.Base.SystemCallEventArgs">
            <summary>
            Base class for given system call results
            </summary>
        </member>
        <member name="T:TelegramBotBase.Form.FormBase">
            <summary>
            Base class for forms
            </summary>
        </member>
        <member name="P:TelegramBotBase.Form.FormBase.IsDisposed">
            <summary>
            has this formular already been disposed ?
            </summary>
        </member>
        <member name="E:TelegramBotBase.Form.FormBase.Opened">
            <summary>
            Gets invoked if gets navigated to this form
            </summary>
            <returns></returns>
        </member>
        <member name="E:TelegramBotBase.Form.FormBase.Closed">
            <summary>
            Form has been closed (left)
            </summary>
            <returns></returns>
        </member>
        <member name="M:TelegramBotBase.Form.FormBase.CloseControls">
            <summary>
            Pre to form close, cleanup all controls
            </summary>
            <returns></returns>
        </member>
        <member name="M:TelegramBotBase.Form.FormBase.LoadControls(TelegramBotBase.Base.MessageResult)">
            <summary>
            Gets invoked if a message was sent or an action triggered
            </summary>
            <param name="message"></param>
            <returns></returns>
        </member>
        <member name="M:TelegramBotBase.Form.FormBase.Load(TelegramBotBase.Base.MessageResult)">
            <summary>
            Gets invoked if the form gets loaded and on every message belongs to this context
            </summary>
            <param name="message"></param>
            <returns></returns>
        </member>
        <member name="M:TelegramBotBase.Form.FormBase.ActionControls(TelegramBotBase.Base.MessageResult)">
            <summary>
            Gets invoked if the user clicked a button.
            </summary>
            <param name="message"></param>
            <returns></returns>
        </member>
        <member name="M:TelegramBotBase.Form.FormBase.Action(TelegramBotBase.Base.MessageResult)">
            <summary>
            Gets invoked if the user has clicked a button.
            </summary>
            <param name="message"></param>
            <returns></returns>
        </member>
        <member name="M:TelegramBotBase.Form.FormBase.SentData(TelegramBotBase.Base.DataResult)">
            <summary>
            Gets invoked if the user has sent some media (Photo, Audio, Video, Contact, Location, Document)
            </summary>
            <param name="message"></param>
            <returns></returns>
        </member>
        <member name="M:TelegramBotBase.Form.FormBase.RenderControls(TelegramBotBase.Base.MessageResult)">
            <summary>
            Gets invoked at the end of the cycle to "Render" text, images, buttons, etc...
            </summary>
            <param name="message"></param>
            <returns></returns>
        </member>
        <member name="M:TelegramBotBase.Form.FormBase.Render(TelegramBotBase.Base.MessageResult)">
            <summary>
            Gets invoked at the end of the cycle to "Render" text, images, buttons, etc...
            </summary>
            <param name="message"></param>
            <returns></returns>
        </member>
        <member name="M:TelegramBotBase.Form.FormBase.NavigateTo(TelegramBotBase.Form.FormBase,System.Object[])">
            <summary>
            Navigates to a new form
            </summary>
            <param name="newForm"></param>
            <returns></returns>
        </member>
        <member name="M:TelegramBotBase.Form.FormBase.AddControl(TelegramBotBase.Base.ControlBase)">
            <summary>
            Adds a control to the formular and sets its ID and Device.
            </summary>
            <param name="control"></param>
        </member>
        <member name="M:TelegramBotBase.Form.FormBase.RemoveControl(TelegramBotBase.Base.ControlBase)">
            <summary>
            Removes control from the formular and runs a cleanup on it.
            </summary>
            <param name="control"></param>
        </member>
        <member name="M:TelegramBotBase.Form.FormBase.Dispose">
            <summary>
            Cleanup
            </summary>
        </member>
        <member name="T:TelegramBotBase.Form.AlertDialog">
            <summary>
            A simple prompt dialog with one ok Button
            </summary>
        </member>
        <member name="T:TelegramBotBase.Form.ArrayPromptDialog">
            <summary>
            A prompt with a lot of buttons
            </summary>
        </member>
        <member name="T:TelegramBotBase.Form.AutoCleanForm">
            <summary>
            A form which cleans up old messages sent within
            </summary>
        </member>
        <member name="M:TelegramBotBase.Form.AutoCleanForm.AddMessage(Telegram.Bot.Types.Message)">
            <summary>
            Adds a message to this of removable ones
            </summary>
            <param name="Id"></param>
        </member>
        <member name="M:TelegramBotBase.Form.AutoCleanForm.LeaveMessage(System.Int32)">
            <summary>
            Keeps the message by removing it from the list
            </summary>
            <param name="Id"></param>
        </member>
        <member name="M:TelegramBotBase.Form.AutoCleanForm.LeaveLastMessage">
            <summary>
            Keeps the last sent message
            </summary>
        </member>
        <member name="M:TelegramBotBase.Form.AutoCleanForm.MessageCleanup">
            <summary>
            Cleans up all remembered messages.
            </summary>
            <returns></returns>
        </member>
        <member name="T:TelegramBotBase.Form.ButtonBase">
            <summary>
            Base class for button handling
            </summary>
        </member>
        <member name="M:TelegramBotBase.Form.ButtonBase.ToInlineButton(TelegramBotBase.Form.ButtonForm)">
            <summary>
            Returns an inline Button
            </summary>
            <param name="form"></param>
            <returns></returns>
        </member>
        <member name="M:TelegramBotBase.Form.ButtonBase.ToKeyboardButton(TelegramBotBase.Form.ButtonForm)">
            <summary>
            Returns a KeyBoardButton
            </summary>
            <param name="form"></param>
            <returns></returns>
        </member>
        <member name="T:TelegramBotBase.Form.ButtonForm">
            <summary>
            Base class for an buttons array
            </summary>
        </member>
        <member name="M:TelegramBotBase.Form.ButtonForm.AddSplitted(System.Collections.Generic.IEnumerable{TelegramBotBase.Form.ButtonBase},System.Int32)">
            <summary>
            Add buttons splitted in the amount of columns (i.e. 2 per row...)
            </summary>
            <param name="buttons"></param>
            <param name="buttonsPerRow"></param>
        </member>
        <member name="T:TelegramBotBase.Form.CallbackData">
            <summary>
            Base class for serializing buttons and data
            </summary>
        </member>
        <member name="M:TelegramBotBase.Form.CallbackData.Serialize">
            <summary>
            Serializes data to json string
            </summary>
            <returns></returns>
        </member>
        <member name="M:TelegramBotBase.Form.CallbackData.Deserialize(System.String)">
            <summary>
            Deserializes data from json string
            </summary>
            <param name="data"></param>
            <returns></returns>
        </member>
        <member name="M:TelegramBotBase.Form.PromptDialog.AddButton(TelegramBotBase.Form.ButtonBase)">
            <summary>
            Adds one Button
            </summary>
            <param name="button"></param>
        </member>
        <member name="T:TelegramBotBase.BotBase`1">
            <summary>
            Bot base class for full Device/Context and Messagehandling
            </summary>
            <typeparam name="T"></typeparam>
        </member>
        <member name="P:TelegramBotBase.BotBase`1.APIKey">
            <summary>
            Your TelegramBot APIKey
            </summary>
        </member>
        <member name="P:TelegramBotBase.BotBase`1.Sessions">
            <summary>
            List of all running/active sessions
            </summary>
        </member>
        <member name="P:TelegramBotBase.BotBase`1.SystemCalls">
            <summary>
            Contains System commands which will be available at everytime and didnt get passed to forms, i.e. /start
            </summary>
        </member>
        <member name="P:TelegramBotBase.BotBase`1.SkipAllMessages">
            <summary>
            Skips all messages during running (good for big delay updates)
            </summary>
        </member>
        <member name="P:TelegramBotBase.BotBase`1.LogAllMessages">
            <summary>
            Loggs all messages and sent them to the event handler
            </summary>
        </member>
        <member name="F:TelegramBotBase.BotBase`1.NavigationMaximum">
            <summary>
            How often could a form navigate to another (within one user action/call/message)
            </summary>
        </member>
        <member name="M:TelegramBotBase.BotBase`1.#ctor(System.String)">
            <summary>
            Simple start of your Bot with the APIKey
            </summary>
            <param name="apiKey"></param>
        </member>
        <member name="M:TelegramBotBase.BotBase`1.#ctor(System.String,System.Net.Http.HttpClient)">
            <summary>
            Simple start of your Bot with the APIKey and a proxyAdress
            </summary>
            <param name="apiKey"></param>
            <param name="proxyBaseAddress">i.e. https://127.0.0.1:10000</param>
        </member>
        <member name="M:TelegramBotBase.BotBase`1.#ctor(System.String,Telegram.Bot.TelegramBotClient)">
            <summary>
            Simple start of your Bot with the APIKey and a TelegramBotClient instance.
            </summary>
            <param name="apiKey"></param>
            <param name="client"></param>
        </member>
        <member name="M:TelegramBotBase.BotBase`1.#ctor(System.String,System.String)">
            <summary>
            Simple start of your Bot with the APIKey and a proxyAdress
            </summary>
            <param name="apiKey"></param>
            <param name="proxyBaseAddress">i.e. https://127.0.0.1:10000</param>
        </member>
        <member name="M:TelegramBotBase.BotBase`1.#ctor(System.String,System.String,System.Int32)">
            <summary>
            Simple start of your Bot with the APIKey and a proxyAdress
            </summary>
            <param name="apiKey"></param>
            <param name="proxyHost">i.e. 127.0.0.1</param>
            <param name="proxyPort">i.e. 10000</param>
        </member>
        <member name="M:TelegramBotBase.BotBase`1.Start">
            <summary>
            Start your Bot
            </summary>
        </member>
        <member name="M:TelegramBotBase.BotBase`1.Stop">
            <summary>
            Stop your Bot
            </summary>
        </member>
        <member name="M:TelegramBotBase.BotBase`1.SentToAll(System.String)">
            <summary>
            Send a message to all active Sessions.
            </summary>
            <param name="message"></param>
            <returns></returns>
        </member>
        <member name="E:TelegramBotBase.BotBase`1.SessionBegins">
            <summary>
            Will be called if a session/context gets started
            </summary>
        </member>
        <member name="E:TelegramBotBase.BotBase`1.Message">
            <summary>
            Will be called on incomming message
            </summary>
        </member>
        <member name="E:TelegramBotBase.BotBase`1.SystemCall">
            <summary>
            Will be called if a system call gets raised
            </summary>
        </member>
        <member name="E:TelegramBotBase.BotBase`1.Exception">
            <summary>
            Will be called on an inner exception
            </summary>
        </member>
        <member name="E:TelegramBotBase.BotBase`1.UnhandledCall">
            <summary>
            Will be called if no form handeled this call
            </summary>
        </member>
        <member name="F:TelegramBotBase.Constants.Telegram.MaxMessageLength">
            <summary>
            The maximum length of message text before the API throws an exception. (We will catch it before)
            </summary>
        </member>
        <member name="P:TelegramBotBase.Controls.ButtonGrid.KeyboardType">
            <summary>
            Defines which type of Button Keyboard should be rendered.
            </summary>
        </member>
        <member name="T:TelegramBotBase.Controls.ProgressBar">
            <summary>
            A simple control for show and managing progress.
            </summary>
        </member>
        <member name="P:TelegramBotBase.Controls.ProgressBar.BlockChar">
            <summary>
            Filled block (reached percentage)
            </summary>
        </member>
        <member name="P:TelegramBotBase.Controls.ProgressBar.EmptyBlockChar">
            <summary>
            Unfilled block (not reached yet)
            </summary>
        </member>
        <member name="P:TelegramBotBase.Controls.ProgressBar.StartChar">
            <summary>
            String at the beginning of the progress bar
            </summary>
        </member>
        <member name="P:TelegramBotBase.Controls.ProgressBar.EndChar">
            <summary>
            String at the end of the progress bar
            </summary>
        </member>
        <member name="F:TelegramBotBase.Enums.eDeleteMode.None">
            <summary>
            Don't delete any message.
            </summary>
        </member>
        <member name="F:TelegramBotBase.Enums.eDeleteMode.OnEveryCall">
            <summary>
            Delete messages on every callback/action.
            </summary>
        </member>
        <member name="F:TelegramBotBase.Enums.eDeleteMode.OnLeavingForm">
            <summary>
            Delete on leaving this form.
            </summary>
        </member>
        <member name="F:TelegramBotBase.Enums.eDeleteSide.BotOnly">
            <summary>
            Delete only messages from this bot.
            </summary>
        </member>
        <member name="F:TelegramBotBase.Enums.eDeleteSide.UserOnly">
            <summary>
            Delete only user messages.
            </summary>
        </member>
        <member name="F:TelegramBotBase.Enums.eDeleteSide.Both">
            <summary>
            Delete all messages in this context.
            </summary>
        </member>
        <member name="F:TelegramBotBase.Enums.eKeyboardType.ReplyKeyboard">
            <summary>
            Uses a ReplyKeyboardMarkup
            </summary>
        </member>
        <member name="F:TelegramBotBase.Enums.eKeyboardType.InlineKeyBoard">
            <summary>
            Uses a InlineKeyboardMakup
            </summary>
        </member>
        <member name="F:TelegramBotBase.Enums.eMonthPickerMode.day">
            <summary>
            Shows the calendar with day picker mode
            </summary>
        </member>
        <member name="F:TelegramBotBase.Enums.eMonthPickerMode.month">
            <summary>
            Shows the calendar with month overview
            </summary>
        </member>
        <member name="F:TelegramBotBase.Enums.eMonthPickerMode.year">
            <summary>
            Shows the calendar with year overview
            </summary>
        </member>
        <member name="M:TelegramBotBase.Markdown.Generator.Link(System.String,System.String,System.String)">
            <summary>
            Generates a link with title in Markdown or HTML
            </summary>
            <param name="url"></param>
            <param name="title"></param>
            <param name="tooltip"></param>
            <returns></returns>
        </member>
        <member name="M:TelegramBotBase.Markdown.Generator.MentionUser(System.Int64,System.String)">
            <summary>
            Returns a Link to the User, title is optional.
            </summary>
            <param name="userId"></param>
            <param name="title"></param>
            <returns></returns>
        </member>
        <member name="M:TelegramBotBase.Markdown.Generator.Bold(System.String)">
            <summary>
            Returns a bold link in Markdown or HTML
            </summary>
            <param name="text"></param>
            <returns></returns>
        </member>
        <member name="M:TelegramBotBase.Markdown.Generator.Italic(System.String)">
            <summary>
            Returns a italic link in Markdown or HTML
            </summary>
            <param name="text"></param>
            <returns></returns>
        </member>
        <member name="M:TelegramBotBase.Markdown.Generator.Monospace(System.String)">
            <summary>
            Returns a monospace link in Markdown or HTML
            </summary>
            <param name="text"></param>
            <returns></returns>
        </member>
        <member name="M:TelegramBotBase.Markdown.Generator.MultiMonospace(System.String)">
            <summary>
            Returns a multi monospace link in Markdown or HTML
            </summary>
            <param name="text"></param>
            <returns></returns>
        </member>
        <member name="T:TelegramBotBase.SessionBase">
            <summary>
            Base class for managing all active sessions
            </summary>
        </member>
        <member name="P:TelegramBotBase.SessionBase.Item(System.Int64)">
            <summary>
            Get device session from Device/ChatId
            </summary>
            <param name="key"></param>
            <returns></returns>
        </member>
        <member name="M:TelegramBotBase.SessionBase.GetSession(System.Int64)">
            <summary>
            Get device session from Device/ChatId
            </summary>
            <param name="deviceId"></param>
            <returns></returns>
        </member>
        <member name="M:TelegramBotBase.SessionBase.StartSession``1(System.Int64)">
            <summary>
            Start a new session
            </summary>
            <typeparam name="T"></typeparam>
            <param name="deviceId"></param>
            <returns></returns>
        </member>
        <member name="M:TelegramBotBase.SessionBase.EndSession(System.Int64)">
            <summary>
            End session
            </summary>
            <param name="deviceId"></param>
        </member>
        <member name="T:TelegramBotBase.Sessions.DeviceSession">
            <summary>
            Base class for a device/chat session
            </summary>
        </member>
        <member name="P:TelegramBotBase.Sessions.DeviceSession.DeviceId">
            <summary>
            Device or chat id
            </summary>
        </member>
        <member name="P:TelegramBotBase.Sessions.DeviceSession.LastAction">
            <summary>
            When did any last action happend (message received or button clicked)
            </summary>
        </member>
        <member name="P:TelegramBotBase.Sessions.DeviceSession.ActiveForm">
            <summary>
            Returns the form where the user/group is at the moment.
            </summary>
        </member>
        <member name="P:TelegramBotBase.Sessions.DeviceSession.PreviousForm">
            <summary>
            Returns the previous shown form
            </summary>
        </member>
        <member name="P:TelegramBotBase.Sessions.DeviceSession.FormSwitched">
            <summary>
            contains if the form has been switched (navigated)
            </summary>
        </member>
        <member name="P:TelegramBotBase.Sessions.DeviceSession.LastMessageId">
            <summary>
            Returns the ID of the last received message.
            </summary>
        </member>
        <member name="P:TelegramBotBase.Sessions.DeviceSession.LastMessage">
            <summary>
            Returns the last received message.
            </summary>
        </member>
        <member name="P:TelegramBotBase.Sessions.DeviceSession.IsGroup">
            <summary>
            Returns if the messages is posted within a group.
            </summary>
        </member>
        <member name="P:TelegramBotBase.Sessions.DeviceSession.IsChannel">
            <summary>
            Returns if the messages is posted within a channel.
            </summary>
        </member>
        <member name="M:TelegramBotBase.Sessions.DeviceSession.Edit(System.Int32,System.String,TelegramBotBase.Form.ButtonForm)">
            <summary>
            Edits the text message
            </summary>
            <param name="messageId"></param>
            <param name="text"></param>
            <param name="buttons"></param>
            <returns></returns>
        </member>
        <member name="M:TelegramBotBase.Sessions.DeviceSession.Edit(System.Int32,System.String,Telegram.Bot.Types.ReplyMarkups.InlineKeyboardMarkup)">
            <summary>
            Edits the text message
            </summary>
            <param name="messageId"></param>
            <param name="text"></param>
            <param name="buttons"></param>
            <returns></returns>
        </member>
        <member name="M:TelegramBotBase.Sessions.DeviceSession.Edit(Telegram.Bot.Types.Message,TelegramBotBase.Form.ButtonForm)">
            <summary>
            Edits the text message
            </summary>
            <param name="messageId"></param>
            <param name="text"></param>
            <param name="buttons"></param>
            <returns></returns>
        </member>
        <member name="M:TelegramBotBase.Sessions.DeviceSession.Send(System.String,TelegramBotBase.Form.ButtonForm,System.Int32,System.Boolean,Telegram.Bot.Types.Enums.ParseMode)">
            <summary>
            Sends a simple text message
            </summary>
            <param name="text"></param>
            <param name="buttons"></param>
            <param name="replyTo"></param>
            <param name="disableNotification"></param>
            <returns></returns>
        </member>
        <member name="M:TelegramBotBase.Sessions.DeviceSession.Send(System.String,Telegram.Bot.Types.ReplyMarkups.InlineKeyboardMarkup,System.Int32,System.Boolean,Telegram.Bot.Types.Enums.ParseMode)">
            <summary>
            Sends a simple text message
            </summary>
            <param name="text"></param>
            <param name="markup"></param>
            <param name="replyTo"></param>
            <param name="disableNotification"></param>
            <returns></returns>
        </member>
        <member name="M:TelegramBotBase.Sessions.DeviceSession.Send(System.String,Telegram.Bot.Types.ReplyMarkups.ReplyMarkupBase,System.Int32,System.Boolean,Telegram.Bot.Types.Enums.ParseMode)">
            <summary>
            Sends a simple text message
            </summary>
            <param name="text"></param>
            <param name="markup"></param>
            <param name="replyTo"></param>
            <param name="disableNotification"></param>
            <returns></returns>
        </member>
        <member name="M:TelegramBotBase.Sessions.DeviceSession.SendPhoto(Telegram.Bot.Types.InputFiles.InputOnlineFile,TelegramBotBase.Form.ButtonForm,System.Int32,System.Boolean,Telegram.Bot.Types.Enums.ParseMode)">
            <summary>
            Sends an image
            </summary>
            <param name="file"></param>
            <param name="buttons"></param>
            <param name="replyTo"></param>
            <param name="disableNotification"></param>
            <returns></returns>
        </member>
        <member name="M:TelegramBotBase.Sessions.DeviceSession.SendPhoto(System.Drawing.Image,System.String,TelegramBotBase.Form.ButtonForm,System.Int32,System.Boolean)">
            <summary>
            Sends an image
            </summary>
            <param name="image"></param>
            <param name="name"></param>
            <param name="buttons"></param>
            <param name="replyTo"></param>
            <param name="disableNotification"></param>
            <returns></returns>
        </member>
        <member name="M:TelegramBotBase.Sessions.DeviceSession.SendPhoto(System.Drawing.Bitmap,System.String,TelegramBotBase.Form.ButtonForm,System.Int32,System.Boolean)">
            <summary>
            Sends an image
            </summary>
            <param name="image"></param>
            <param name="name"></param>
            <param name="buttons"></param>
            <param name="replyTo"></param>
            <param name="disableNotification"></param>
            <returns></returns>
        </member>
        <member name="M:TelegramBotBase.Sessions.DeviceSession.SendDocument(System.String,System.Byte[],System.String,TelegramBotBase.Form.ButtonForm,System.Int32,System.Boolean)">
            <summary>
            Sends an document
            </summary>
            <param name="filename"></param>
            <param name="document"></param>
            <param name="caption"></param>
            <param name="buttons"></param>
            <param name="replyTo"></param>
            <param name="disableNotification"></param>
            <returns></returns>
        </member>
        <member name="M:TelegramBotBase.Sessions.DeviceSession.SendDocument(Telegram.Bot.Types.InputFiles.InputOnlineFile,System.String,TelegramBotBase.Form.ButtonForm,System.Int32,System.Boolean)">
            <summary>
            Sends an document
            </summary>
            <param name="document"></param>
            <param name="caption"></param>
            <param name="buttons"></param>
            <param name="replyTo"></param>
            <param name="disableNotification"></param>
            <returns></returns>
        </member>
        <member name="M:TelegramBotBase.Sessions.DeviceSession.SetAction(Telegram.Bot.Types.Enums.ChatAction)">
            <summary>
            Set a chat action (showed to the user)
            </summary>
            <param name="action"></param>
            <returns></returns>
        </member>
        <member name="M:TelegramBotBase.Sessions.DeviceSession.RequestContact(System.String,System.String,System.Boolean)">
            <summary>
            Requests the contact from the user.
            </summary>
            <param name="buttonText"></param>
            <param name="requestMessage"></param>
            <param name="OneTimeOnly"></param>
            <returns></returns>
        </member>
        <member name="M:TelegramBotBase.Sessions.DeviceSession.RequestLocation(System.String,System.String,System.Boolean)">
            <summary>
            Requests the location from the user.
            </summary>
            <param name="buttonText"></param>
            <param name="requestMessage"></param>
            <param name="OneTimeOnly"></param>
            <returns></returns>
        </member>
        <member name="M:TelegramBotBase.Sessions.DeviceSession.DeleteMessage(System.Int32)">
            <summary>
            Deletes a message
            </summary>
            <param name="messageId"></param>
            <returns></returns>
        </member>
        <member name="M:TelegramBotBase.Sessions.DeviceSession.DeleteMessage(Telegram.Bot.Types.Message)">
            <summary>
            Deletes the given message
            </summary>
            <param name="message"></param>
            <returns></returns>
        </member>
        <member name="E:TelegramBotBase.Sessions.DeviceSession.MessageSent">
            <summary>
            Eventhandler for sent messages
            </summary>
        </member>
        <member name="E:TelegramBotBase.Sessions.DeviceSession.MessageReceived">
            <summary>
            Eventhandler for received messages
            </summary>
        </member>
    </members>
</doc>
